,topic,mean,percentage
0,National_security,0.5490886075949368,54.908860759493685
1,Domestic_us_economy,0.4509113924050633,45.09113924050633
