,eu_us,National_security,Citizen_consumer_protection,Democracy_,Domestic_us_economy,Global_market,AI_education,Residual_top,National security,Citizen-consumer protection,Democracy,Domestic U.S. economy,Global market,AI education,Residual topics
0,EU,0.008561406663088588,0.2311794650000686,0.12419798296099364,0.01827651711589193,0.17195229632757297,0.17893443069115014,0.266897901241234,0.8561406663088588,23.117946500006862,12.419798296099364,1.827651711589193,17.195229632757297,17.893443069115015,26.6897901241234
1,U.S.,0.2153944233080188,0.08441102820657682,0.04073843606869958,0.12944824379595676,0.06774464342237435,0.19330554548389015,0.26895767971448353,21.53944233080188,8.441102820657683,4.073843606869958,12.944824379595676,6.774464342237435,19.330554548389014,26.895767971448354
