,topic,mean
0,AI_education,11.795994819627659
1,Global_market,12.287625111678
2,Democracy,13.626775322185
3,Digital_sovereignty,12.4330011325207
4,Human_rights,11.930461321355994
5,European_technology_capacity,12.853450964321745
6,Residuals,25.072691328310686
